text,label
Hi John, your payroll account requires verification before salary processing. Click http://secure-payroll-update.com to confirm.,1
Dear Sarah, your Office365 password will expire today. Please update immediately at http://office365-security-update.com.,1
Hello Michael, finance department requires confirmation of your banking details for tax filing. Verify here http://finance-secure-update.com.,1
Hi David, your VPN access for the IT network will expire today. Reauthenticate at http://vpn-company-login.com.,1
Dear Emily, HR uploaded an updated benefits document for you. Access it securely at http://hr-document-secure.com.,1
Hi Robert, urgent security alert detected on your company email. Confirm your credentials here http://email-security-alert.com.,1
Hello Jessica, your company OneDrive storage exceeded limits. Verify your account at http://onedrive-storage-check.com.,1
Dear Kevin, your payroll direct deposit details require confirmation. Update immediately http://payroll-check-secure.com.,1
Hi Daniel, the finance team shared a confidential invoice for review. Download here http://finance-document-secure.com.,1
Hello Amanda, please confirm your corporate Microsoft account to avoid suspension http://microsoft-security-alert.com.,1
Dear Brian, IT department scheduled a security update for your workstation. Confirm credentials here http://it-security-confirm.com.,1
Hi Laura, your HR portal password reset request is pending. Complete verification at http://hr-password-update.com.,1
Hello Steven, company VPN certificate expired. Renew access here http://vpn-access-update.com.,1
Dear Lisa, your employee benefits enrollment needs confirmation http://benefits-update-secure.com.,1
Hi Mark, your internal finance report requires urgent approval http://finance-report-review.com.,1
Hello Rachel, please verify your company Dropbox account immediately http://dropbox-security-check.com.,1
Dear Thomas, your corporate mailbox exceeded quota. Verify here http://mailbox-verification.com.,1
Hi Anna, payroll team requires confirmation of your tax details http://tax-update-secure.com.,1
Hello Kevin, your corporate Slack account requires security verification http://slack-security-check.com.,1
Dear Olivia, your HR portal login expired. Reconfirm your credentials http://hr-login-update.com.,1
Hi Andrew, please update your corporate VPN credentials http://vpn-security-update.com.,1
Dear Julia, finance department sent an updated expense report http://expense-report-secure.com.,1
Hi Peter, your Microsoft Teams account requires verification http://teams-security-update.com.,1
Hello Sophia, urgent compliance document requires review http://compliance-doc-update.com.,1
Dear Ethan, your company Google Workspace account requires confirmation http://google-workspace-check.com.,1
Hi Grace, IT security detected suspicious login activity http://it-alert-security.com.,1
Hello Henry, please confirm your employee portal access http://employee-portal-check.com.,1
Dear Chloe, payroll processing requires verification of your account http://salary-account-check.com.,1
Hi Lucas, internal project document requires authentication http://project-secure-doc.com.,1
Hello Emma, verify your corporate email security settings http://email-security-confirm.com.,1
Hi Noah, confirm access to the company finance dashboard http://finance-dashboard-update.com.,1
Dear Mia, HR benefits enrollment deadline today http://benefits-secure-login.com.,1
Hi Liam, IT helpdesk requests confirmation of workstation access http://workstation-security-update.com.,1
Hello Ava, your cloud storage password requires reset http://cloud-storage-reset.com.,1
Dear James, internal audit requires verification of financial login http://audit-security-check.com.,1
Hi Isabella, please confirm payroll update request http://payroll-update-secure.com.,1
Hello Benjamin, corporate VPN access verification required http://vpn-auth-update.com.,1
Dear Charlotte, company portal account requires security update http://portal-security-update.com.,1
Hi Elijah, finance invoice approval pending http://invoice-secure-review.com.,1
Hello Amelia, HR document requires authentication http://hr-secure-doc.com.,1
Dear Logan, Microsoft account verification required http://ms-account-secure.com.,1
Hi Harper, corporate email verification required http://email-login-secure.com.,1
Hello Mason, IT system security update pending http://system-update-secure.com.,1
Dear Evelyn, verify employee benefits portal http://benefits-portal-check.com.,1
Hi Sebastian, confirm login to project management tool http://project-login-secure.com.,1
Hello Abigail, security patch requires account verification http://security-patch-login.com.,1
Dear Jack, confirm finance department update http://finance-confirm-login.com.,1
Hi Ella, HR requires urgent document verification http://hr-doc-secure.com.,1
Hello Daniel, payroll processing verification required http://payroll-security-check.com.,1
Dear Avery, verify company Dropbox access http://dropbox-account-secure.com.,1
Hi Matthew, IT security alert for your workstation http://workstation-security-check.com.,1
Hello Scarlett, company document sharing request http://doc-share-secure.com.,1
Dear Joseph, internal network login verification http://network-login-secure.com.,1
Hi Victoria, verify Microsoft Teams login http://teams-login-check.com.,1
Hello Samuel, employee dashboard login expired http://dashboard-update-secure.com.,1
Dear Hannah, payroll department requires confirmation http://payroll-confirm-secure.com.,1
Hi Carter, security audit login verification http://audit-login-check.com.,1
Hello Lily, HR portal login confirmation required http://hr-login-confirm.com.,1
Dear Owen, confirm finance account verification http://finance-account-check.com.,1
Hi Zoey, internal network authentication required http://network-auth-secure.com.,1
Hello Wyatt, employee benefits login verification http://benefits-login-check.com.,1
Dear Nora, security alert detected for corporate email http://email-alert-secure.com.,1
Hi Gabriel, verify project management portal login http://project-login-confirm.com.,1
Hello Stella, finance department requires document review http://finance-doc-review.com.,1
Dear Isaac, internal compliance verification required http://compliance-login-secure.com.,1
Hi Aurora, verify company OneDrive login http://onedrive-login-check.com.,1
Hello Julian, security update required for VPN http://vpn-update-secure.com.,1
Dear Ellie, confirm HR system login http://hr-system-secure.com.,1
Hi Caleb, payroll update requires verification http://salary-update-login.com.,1
Hello Hazel, internal document approval pending http://doc-approval-secure.com.,1
Dear Leo, company portal security verification http://portal-login-secure.com.,1
Hi Violet, verify corporate email settings http://email-settings-secure.com.,1
Hello Ryan, finance login verification required http://finance-login-secure.com.,1
Dear Penelope, employee dashboard security check http://dashboard-login-secure.com.,1
Hi Aaron, security update for Microsoft account http://microsoft-login-secure.com.,1
Hello Layla, confirm HR payroll update http://hr-payroll-secure.com.,1
Dear Nathan, IT system login verification http://system-login-secure.com.,1
Hi Camila, verify corporate document access http://document-login-secure.com.,1
Hello Dylan, VPN login confirmation required http://vpn-login-secure.com.,1
Dear Savannah, employee portal verification http://portal-login-check.com.,1
Hi Adrian, finance document authentication required http://finance-doc-login.com.,1
Hello Brooklyn, HR login confirmation required http://hr-login-secure.com.,1
Dear Lincoln, verify company cloud login http://cloud-login-secure.com.,1
Hi Paisley, confirm payroll verification request http://payroll-login-secure.com.,1
Hello Jordan, IT security login verification http://it-login-secure.com.,1
Dear Delilah, verify internal employee dashboard http://dashboard-check-secure.com.,1
Hi Connor, confirm Microsoft account verification http://ms-login-secure.com.,1
Hello Kennedy, security login required http://security-login-secure.com.,1
Dear Hudson, finance portal login verification http://finance-portal-secure.com.,1
Hi Riley, confirm HR account verification http://hr-account-secure.com.,1
Hello Easton, verify employee document portal http://doc-portal-secure.com.,1
Dear Genesis, internal security login required http://internal-security-login.com.,1
Hi Parker, verify company portal credentials http://company-portal-secure.com.,1
Hello Skylar, confirm IT security update http://it-security-login.com.,1
Dear Roman, employee benefits login verification http://benefits-secure-check.com.,1
Hi Addison, confirm internal finance login http://finance-secure-login.com.,1
Hello Miles, verify company network login http://network-secure-login.com.,1
Dear Naomi, HR system security check http://hr-security-login.com.,1